name,isin,url,open
EdenTree Sustainable Global Equity B Dis GBP,,https://digital.feprecisionplus.com/Pdf/chelseafinancial/en-gb/chelsea/FR59/O/?specialunittype=ORDN&priipproductcode=17200457&RangeCode=17200457,True
EdenTree Sustainable Managed Income B Dis GBP,,https://digital.feprecisionplus.com/Pdf/chelseafinancial/en-gb/chelsea/A195/O/?specialunittype=ORDN&priipproductcode=17200457&RangeCode=17200457,True
EdenTree Sustainable Sterling Bond B Dis GBP,,https://digital.feprecisionplus.com/Pdf/chelseafinancial/en-gb/chelsea/BGR8/O/?specialunittype=ORDN&priipproductcode=17200457&RangeCode=17200457,True
EdenTree Sustainable UK Equity B Dis GBP,,https://digital.feprecisionplus.com/Pdf/chelseafinancial/en-gb/chelsea/JG02/O/?specialunittype=ORDN&priipproductcode=17200457&RangeCode=17200457,True
EdenTree Sustainable UK Equity Opportunities B Dis GBP,,https://digital.feprecisionplus.com/Pdf/chelseafinancial/en-gb/chelsea/FR61/O/?specialunittype=ORDN&priipproductcode=17200457&RangeCode=17200457,True
Evelyn MM Endurance Balanced B Inc,,https://digital.feprecisionplus.com/Pdf/chelseafinancial/en-gb/chelsea/G1OB/O/?specialunittype=ORDN&priipproductcode=17200457&RangeCode=17200457,True
Evelyn MM Global Investment B Inc,,https://digital.feprecisionplus.com/Pdf/chelseafinancial/en-gb/chelsea/GM3A/O/?specialunittype=ORDN&priipproductcode=17200457&RangeCode=17200457,True
Federated Hermes Asia ex-Japan Equity F Acc GBP,,https://digital.feprecisionplus.com/Pdf/chelseafinancial/en-gb/chelsea/GVYW/O/?specialunittype=ORDN&priipproductcode=17200457&RangeCode=17200457,True
Federated Hermes Asia ex-Japan Equity F Hedged Acc GBP,,https://digital.feprecisionplus.com/Pdf/chelseafinancial/en-gb/chelsea/KHKK/O/?specialunittype=CHDG&priipproductcode=17200457&RangeCode=17200457,True
Federated Hermes Asia ex-Japan Equity F2 Dis GBP,,https://digital.feprecisionplus.com/Pdf/chelseafinancial/en-gb/chelsea/GVYV/O/?specialunittype=ORDN&priipproductcode=17200457&RangeCode=17200457,True
Federated Hermes Asia ex-Japan Equity F2 Hedged Dis GBP,,https://digital.feprecisionplus.com/Pdf/chelseafinancial/en-gb/chelsea/JVYV/O/?specialunittype=CHDG&priipproductcode=17200457&RangeCode=17200457,True
Federated Hermes Global Emerging Markets Equity F Acc GBP,,https://digital.feprecisionplus.com/Pdf/chelseafinancial/en-gb/chelsea/0H9M/O/?specialunittype=ORDN&priipproductcode=17200457&RangeCode=17200457,True
Federated Hermes Global Emerging Markets Equity F Hedged Acc GBP,,https://digital.feprecisionplus.com/Pdf/chelseafinancial/en-gb/chelsea/JSRD/O/?specialunittype=CHDG&priipproductcode=17200457&RangeCode=17200457,True
Federated Hermes Global Equity ESG Pathway F Acc GBP,,https://digital.feprecisionplus.com/Pdf/chelseafinancial/en-gb/chelsea/KF2X/O/?specialunittype=ORDN&priipproductcode=17200457&RangeCode=17200457,True
Federated Hermes US SMID Equity F Acc GBP,,https://digital.feprecisionplus.com/Pdf/chelseafinancial/en-gb/chelsea/GSAH/O/?specialunittype=ORDN&priipproductcode=17200457&RangeCode=17200457,True
Federated Hermes US SMID Equity F Dis GBP,,https://digital.feprecisionplus.com/Pdf/chelseafinancial/en-gb/chelsea/GSAG/O/?specialunittype=ORDN&priipproductcode=17200457&RangeCode=17200457,True
Federated Hermes US SMID Equity F Hedged Acc GBP,,https://digital.feprecisionplus.com/Pdf/chelseafinancial/en-gb/chelsea/JZ4S/O/?specialunittype=CHDG&priipproductcode=17200457&RangeCode=17200457,True
Federated Hermes US SMID Equity F2 Hedged Inc GBP,,https://digital.feprecisionplus.com/Pdf/chelseafinancial/en-gb/chelsea/KS8W/O/?specialunittype=CHDG&priipproductcode=17200457&RangeCode=17200457,True
Fidelity America W GBP,,https://digital.feprecisionplus.com/Pdf/chelseafinancial/en-gb/chelsea/K5LG/DC/?specialunittype=ORDN&priipproductcode=17200457&RangeCode=17200457,True
Fidelity American Special Situations W Acc,,https://digital.feprecisionplus.com/Pdf/chelseafinancial/en-gb/chelsea/GMUH/O/?specialunittype=ORDN&priipproductcode=17200457&RangeCode=17200457,True
Fidelity American W Acc,,https://digital.feprecisionplus.com/Pdf/chelseafinancial/en-gb/chelsea/GMTW/O/?specialunittype=ORDN&priipproductcode=17200457&RangeCode=17200457,True
Fidelity Asia Equity ESG W Acc GBP,,https://digital.feprecisionplus.com/Pdf/chelseafinancial/en-gb/chelsea/K5LW/O/?specialunittype=ORDN&priipproductcode=17200457&RangeCode=17200457,True
Fidelity Asia Pacific Opportunities W Acc,,https://digital.feprecisionplus.com/Pdf/chelseafinancial/en-gb/chelsea/KS4N/O/?specialunittype=ORDN&priipproductcode=17200457&RangeCode=17200457,True
Fidelity Asia W Acc,,https://digital.feprecisionplus.com/Pdf/chelseafinancial/en-gb/chelsea/GMUE/O/?specialunittype=ORDN&priipproductcode=17200457&RangeCode=17200457,True
Fidelity Asian Dividend W Acc,,https://digital.feprecisionplus.com/Pdf/chelseafinancial/en-gb/chelsea/JE9M/O/?specialunittype=ORDN&priipproductcode=17200457&RangeCode=17200457,True
Fidelity Asian Dividend W Inc,,https://digital.feprecisionplus.com/Pdf/chelseafinancial/en-gb/chelsea/JE9N/O/?specialunittype=ORDN&priipproductcode=17200457&RangeCode=17200457,True
Fidelity Asian Smaller Companies Y Acc GBP,,https://digital.feprecisionplus.com/Pdf/chelseafinancial/en-gb/chelsea/0M9D/O/?specialunittype=ORDN&priipproductcode=17200457&RangeCode=17200457,True
Fidelity Asian Special Situations A GBP,,https://digital.feprecisionplus.com/Pdf/chelseafinancial/en-gb/chelsea/D992/O/?specialunittype=ORDN&priipproductcode=17200457&RangeCode=17200457,True
Fidelity China Focus Y GBP,,https://digital.feprecisionplus.com/Pdf/chelseafinancial/en-gb/chelsea/MEZ2/O/?specialunittype=ORDN&priipproductcode=17200457&RangeCode=17200457,True
Fidelity China W Acc,,https://digital.feprecisionplus.com/Pdf/chelseafinancial/en-gb/chelsea/GMTP/O/?specialunittype=ORDN&priipproductcode=17200457&RangeCode=17200457,True
Fidelity Emerging Asia W GBP,,https://digital.feprecisionplus.com/Pdf/chelseafinancial/en-gb/chelsea/K5LK/O/?specialunittype=ORDN&priipproductcode=17200457&RangeCode=17200457,True
Fidelity Emerging Markets I Acc GBP,,https://digital.feprecisionplus.com/Pdf/chelseafinancial/en-gb/chelsea/FI19/O/?specialunittype=ORDN&priipproductcode=17200457&RangeCode=17200457,True
Fidelity Emerging Markets W Acc,,https://digital.feprecisionplus.com/Pdf/chelseafinancial/en-gb/chelsea/JAZJ/O/?specialunittype=ORDN&priipproductcode=17200457&RangeCode=17200457,True
Fidelity Emerging Markets W Acc GBP,,https://digital.feprecisionplus.com/Pdf/chelseafinancial/en-gb/chelsea/K5LJ/DC/?specialunittype=ORDN&priipproductcode=17200457&RangeCode=17200457,True
Fidelity Enhanced Income W Acc,,https://digital.feprecisionplus.com/Pdf/chelseafinancial/en-gb/chelsea/G7FB/O/?specialunittype=ORDN&priipproductcode=17200457&RangeCode=17200457,True
Fidelity Enhanced Income W Inc,,https://digital.feprecisionplus.com/Pdf/chelseafinancial/en-gb/chelsea/GMTR/O/?specialunittype=ORDN&priipproductcode=17200457&RangeCode=17200457,True
Fidelity Enhanced Income W Monthly Inc,,https://digital.feprecisionplus.com/Pdf/chelseafinancial/en-gb/chelsea/N0HJ/O/?specialunittype=ORDN&priipproductcode=17200457&RangeCode=17200457,True
Fidelity Euro Ultra Short Duration Bond Y GBP,,https://digital.feprecisionplus.com/Pdf/chelseafinancial/en-gb/chelsea/F7EX/DC/?specialunittype=ORDN&priipproductcode=17200457&RangeCode=17200457,True
Fidelity European Dynamic Growth W GBP,,https://digital.feprecisionplus.com/Pdf/chelseafinancial/en-gb/chelsea/K5LI/O/?specialunittype=ORDN&priipproductcode=17200457&RangeCode=17200457,True
Fidelity European W Acc,,https://digital.feprecisionplus.com/Pdf/chelseafinancial/en-gb/chelsea/JTXX/O/?specialunittype=ORDN&priipproductcode=17200457&RangeCode=17200457,True
Fidelity European W Inc,,https://digital.feprecisionplus.com/Pdf/chelseafinancial/en-gb/chelsea/GMTV/O/?specialunittype=ORDN&priipproductcode=17200457&RangeCode=17200457,True
Fidelity Global Consumer Brands W GBP,,https://digital.feprecisionplus.com/Pdf/chelseafinancial/en-gb/chelsea/K5LH/O/?specialunittype=ORDN&priipproductcode=17200457&RangeCode=17200457,True
Fidelity Global Demographics Fund Y Acc GBP,,https://digital.feprecisionplus.com/Pdf/chelseafinancial/en-gb/chelsea/0VV7/DC/?specialunittype=ORDN&priipproductcode=17200457&RangeCode=17200457,True
Fidelity Global Dividend Plus W GBP,,https://digital.feprecisionplus.com/Pdf/chelseafinancial/en-gb/chelsea/K5LY/O/?specialunittype=ORDN&priipproductcode=17200457&RangeCode=17200457,True
Fidelity Global Dividend W Acc,,https://digital.feprecisionplus.com/Pdf/chelseafinancial/en-gb/chelsea/GMTX/O/?specialunittype=ORDN&priipproductcode=17200457&RangeCode=17200457,True
Fidelity Global Dividend W GBP,,https://digital.feprecisionplus.com/Pdf/chelseafinancial/en-gb/chelsea/K5LO/DC/?specialunittype=ORDN&priipproductcode=17200457&RangeCode=17200457,True
Fidelity Global Dividend W Inc,,https://digital.feprecisionplus.com/Pdf/chelseafinancial/en-gb/chelsea/GMTY/O/?specialunittype=ORDN&priipproductcode=17200457&RangeCode=17200457,True
Fidelity Global Dividend W Monthly Inc,,https://digital.feprecisionplus.com/Pdf/chelseafinancial/en-gb/chelsea/N0HK/O/?specialunittype=ORDN&priipproductcode=17200457&RangeCode=17200457,True
Fidelity Global Enhanced Income W Acc,,https://digital.feprecisionplus.com/Pdf/chelseafinancial/en-gb/chelsea/JQ7L/O/?specialunittype=ORDN&priipproductcode=17200457&RangeCode=17200457,True
Fidelity Global Enhanced Income W Inc,,https://digital.feprecisionplus.com/Pdf/chelseafinancial/en-gb/chelsea/JQ7K/O/?specialunittype=ORDN&priipproductcode=17200457&RangeCode=17200457,True
Fidelity Global Enhanced Income W Monthly Inc,,https://digital.feprecisionplus.com/Pdf/chelseafinancial/en-gb/chelsea/N0HL/O/?specialunittype=ORDN&priipproductcode=17200457&RangeCode=17200457,True
Fidelity Global Financial Services W GBP,,https://digital.feprecisionplus.com/Pdf/chelseafinancial/en-gb/chelsea/K5LL/O/?specialunittype=ORDN&priipproductcode=17200457&RangeCode=17200457,True
Fidelity Global Focus W GBP,,https://digital.feprecisionplus.com/Pdf/chelseafinancial/en-gb/chelsea/K5LN/O/?specialunittype=ORDN&priipproductcode=17200457&RangeCode=17200457,True
Fidelity Global Healthcare W GBP,,https://digital.feprecisionplus.com/Pdf/chelseafinancial/en-gb/chelsea/K5LQ/O/?specialunittype=ORDN&priipproductcode=17200457&RangeCode=17200457,True
Fidelity Global High Income Bond W,,https://digital.feprecisionplus.com/Pdf/chelseafinancial/en-gb/chelsea/GQM5/O/?specialunittype=ORDN&priipproductcode=17200457&RangeCode=17200457,True
Fidelity Global High Income Bond W Acc,,https://digital.feprecisionplus.com/Pdf/chelseafinancial/en-gb/chelsea/JTXY/O/?specialunittype=ORDN&priipproductcode=17200457&RangeCode=17200457,True
Fidelity Global Industrials W GBP,,https://digital.feprecisionplus.com/Pdf/chelseafinancial/en-gb/chelsea/K5LS/O/?specialunittype=ORDN&priipproductcode=17200457&RangeCode=17200457,True
Fidelity Global Inflation Linked Bond Y Hedged GBP,,https://digital.feprecisionplus.com/Pdf/chelseafinancial/en-gb/chelsea/E4I8/O/?specialunittype=CHDG&priipproductcode=17200457&RangeCode=17200457,True
Fidelity Global Special Situations W Acc,,https://digital.feprecisionplus.com/Pdf/chelseafinancial/en-gb/chelsea/GMUA/O/?specialunittype=ORDN&priipproductcode=17200457&RangeCode=17200457,True
Fidelity Global Technology W GBP,,https://digital.feprecisionplus.com/Pdf/chelseafinancial/en-gb/chelsea/K5LX/O/?specialunittype=ORDN&priipproductcode=17200457&RangeCode=17200457,True
Fidelity Global Thematic Opportunities W Acc GBP,,https://digital.feprecisionplus.com/Pdf/chelseafinancial/en-gb/chelsea/K5LR/O/?specialunittype=ORDN&priipproductcode=17200457&RangeCode=17200457,True
Fidelity Index UK P,,https://digital.feprecisionplus.com/Pdf/chelseafinancial/en-gb/chelsea/K41T/O/?specialunittype=ORDN&priipproductcode=17200457&RangeCode=17200457,True
Fidelity Index UK P Inc,,https://digital.feprecisionplus.com/Pdf/chelseafinancial/en-gb/chelsea/KOGP/O/?specialunittype=ORDN&priipproductcode=17200457&RangeCode=17200457,True
Fidelity Index US P,,https://digital.feprecisionplus.com/Pdf/chelseafinancial/en-gb/chelsea/K41V/O/?specialunittype=ORDN&priipproductcode=17200457&RangeCode=17200457,True
Fidelity Index US P Inc,,https://digital.feprecisionplus.com/Pdf/chelseafinancial/en-gb/chelsea/KOGR/O/?specialunittype=ORDN&priipproductcode=17200457&RangeCode=17200457,True
Fidelity India Focus Y GBP,,https://digital.feprecisionplus.com/Pdf/chelseafinancial/en-gb/chelsea/MFO3/O/?specialunittype=ORDN&priipproductcode=17200457&RangeCode=17200457,True
Fidelity Japan W Acc,,https://digital.feprecisionplus.com/Pdf/chelseafinancial/en-gb/chelsea/GMUJ/O/?specialunittype=ORDN&priipproductcode=17200457&RangeCode=17200457,True
Fidelity Latin America W GBP,,https://digital.feprecisionplus.com/Pdf/chelseafinancial/en-gb/chelsea/K5LT/O/?specialunittype=ORDN&priipproductcode=17200457&RangeCode=17200457,True
Fidelity Moneybuilder Balanced W Acc,,https://digital.feprecisionplus.com/Pdf/chelseafinancial/en-gb/chelsea/MV8J/O/?specialunittype=ORDN&priipproductcode=17200457&RangeCode=17200457,True
Fidelity Moneybuilder Balanced W Inc,,https://digital.feprecisionplus.com/Pdf/chelseafinancial/en-gb/chelsea/GMUB/O/?specialunittype=ORDN&priipproductcode=17200457&RangeCode=17200457,True
Fidelity MoneyBuilder Corporate Bond W Acc GBP,,https://digital.feprecisionplus.com/Pdf/chelseafinancial/en-gb/chelsea/JE1R/O/?specialunittype=ORDN&priipproductcode=17200457&RangeCode=17200457,True
Fidelity MoneyBuilder Corporate Bond W Dis GBP,,https://digital.feprecisionplus.com/Pdf/chelseafinancial/en-gb/chelsea/GQM7/O/?specialunittype=ORDN&priipproductcode=17200457&RangeCode=17200457,True
Fidelity Multi Asset Balanced Income W Inc,,https://digital.feprecisionplus.com/Pdf/chelseafinancial/en-gb/chelsea/JSQR/O/?specialunittype=ORDN&priipproductcode=17200457&RangeCode=17200457,True
Fidelity Multi Asset Income & Growth W Inc,,https://digital.feprecisionplus.com/Pdf/chelseafinancial/en-gb/chelsea/JSQV/O/?specialunittype=ORDN&priipproductcode=17200457&RangeCode=17200457,True
Fidelity Multi Asset Income W Inc,,https://digital.feprecisionplus.com/Pdf/chelseafinancial/en-gb/chelsea/JSQP/O/?specialunittype=ORDN&priipproductcode=17200457&RangeCode=17200457,True
Fidelity Multi Asset Open Adventurous W Acc,,https://digital.feprecisionplus.com/Pdf/chelseafinancial/en-gb/chelsea/JJFV/O/?specialunittype=ORDN&priipproductcode=17200457&RangeCode=17200457,True
Fidelity Multi Asset Open Defensive W Acc,,https://digital.feprecisionplus.com/Pdf/chelseafinancial/en-gb/chelsea/JJFU/O/?specialunittype=ORDN&priipproductcode=17200457&RangeCode=17200457,True
Fidelity Multi Asset Open Growth W Acc,,https://digital.feprecisionplus.com/Pdf/chelseafinancial/en-gb/chelsea/JJFY/O/?specialunittype=ORDN&priipproductcode=17200457&RangeCode=17200457,True
Fidelity Multi Asset Open Strategic W Acc,,https://digital.feprecisionplus.com/Pdf/chelseafinancial/en-gb/chelsea/JJFH/O/?specialunittype=ORDN&priipproductcode=17200457&RangeCode=17200457,True
Fidelity Open World W Acc,,https://digital.feprecisionplus.com/Pdf/chelseafinancial/en-gb/chelsea/JJFW/O/?specialunittype=ORDN&priipproductcode=17200457&RangeCode=17200457,True
Fidelity Pacific W GBP,,https://digital.feprecisionplus.com/Pdf/chelseafinancial/en-gb/chelsea/K5LV/DC/?specialunittype=ORDN&priipproductcode=17200457&RangeCode=17200457,True
Fidelity Responsible Asia Equity W Acc,,https://digital.feprecisionplus.com/Pdf/chelseafinancial/en-gb/chelsea/GMTT/O/?specialunittype=ORDN&priipproductcode=17200457&RangeCode=17200457,True
Fidelity Special Situations W Acc,,https://digital.feprecisionplus.com/Pdf/chelseafinancial/en-gb/chelsea/GMUF/O/?specialunittype=ORDN&priipproductcode=17200457&RangeCode=17200457,True
Fidelity Strategic Bond W Acc,,https://digital.feprecisionplus.com/Pdf/chelseafinancial/en-gb/chelsea/JP6G/O/?specialunittype=ORDN&priipproductcode=17200457&RangeCode=17200457,True
Fidelity Strategic Bond W Inc,,https://digital.feprecisionplus.com/Pdf/chelseafinancial/en-gb/chelsea/GQN4/O/?specialunittype=ORDN&priipproductcode=17200457&RangeCode=17200457,True
Fidelity Sustainable European Equity W Acc,,https://digital.feprecisionplus.com/Pdf/chelseafinancial/en-gb/chelsea/GMTU/O/?specialunittype=ORDN&priipproductcode=17200457&RangeCode=17200457,True
Fidelity Sustainable Global Equity W Acc,,https://digital.feprecisionplus.com/Pdf/chelseafinancial/en-gb/chelsea/GMUC/O/?specialunittype=ORDN&priipproductcode=17200457&RangeCode=17200457,True
Fidelity UK Equity Income A Acc,,https://digital.feprecisionplus.com/Pdf/chelseafinancial/en-gb/chelsea/JTYB/O/?specialunittype=ORDN&priipproductcode=17200457&RangeCode=17200457,True
Fidelity UK Equity Income W Inc GBP,,https://digital.feprecisionplus.com/Pdf/chelseafinancial/en-gb/chelsea/0VNB/O/?specialunittype=ORDN&priipproductcode=17200457&RangeCode=17200457,True
Fidelity UK Equity Income W Monthly Inc,,https://digital.feprecisionplus.com/Pdf/chelseafinancial/en-gb/chelsea/N0HM/O/?specialunittype=ORDN&priipproductcode=17200457&RangeCode=17200457,True
Fidelity UK Opportunities W Acc,,https://digital.feprecisionplus.com/Pdf/chelseafinancial/en-gb/chelsea/0LHW/O/?specialunittype=ORDN&priipproductcode=17200457&RangeCode=17200457,True
Fidelity UK Opportunities W Inc,,https://digital.feprecisionplus.com/Pdf/chelseafinancial/en-gb/chelsea/JY8J/O/?specialunittype=ORDN&priipproductcode=17200457&RangeCode=17200457,True
Fidelity UK Select W Acc,,https://digital.feprecisionplus.com/Pdf/chelseafinancial/en-gb/chelsea/JTYC/O/?specialunittype=ORDN&priipproductcode=17200457&RangeCode=17200457,True
Fidelity UK Smaller Companies W Acc,,https://digital.feprecisionplus.com/Pdf/chelseafinancial/en-gb/chelsea/GMUG/O/?specialunittype=ORDN&priipproductcode=17200457&RangeCode=17200457,True
Fidelity US Equity W Acc GBP,,https://digital.feprecisionplus.com/Pdf/chelseafinancial/en-gb/chelsea/FUWE/DC/?specialunittype=ORDN&priipproductcode=17200457&RangeCode=17200457,True
Fidelity US High Yield W GBP,,https://digital.feprecisionplus.com/Pdf/chelseafinancial/en-gb/chelsea/K5LZ/DC/?specialunittype=ORDN&priipproductcode=17200457&RangeCode=17200457,True
Fiera Emerging Markets B Acc GBP,,https://digital.feprecisionplus.com/Pdf/chelseafinancial/en-gb/chelsea/I94J/O/?specialunittype=ORDN&priipproductcode=17200457&RangeCode=17200457,True
Fiera Emerging Markets B Inc GBP,,https://digital.feprecisionplus.com/Pdf/chelseafinancial/en-gb/chelsea/I94K/O/?specialunittype=ORDN&priipproductcode=17200457&RangeCode=17200457,True
First Sentier Global Listed Infrastructure B Acc GBP,,https://digital.feprecisionplus.com/Pdf/chelseafinancial/en-gb/chelsea/A6X2/O/?specialunittype=ORDN&priipproductcode=17200457&RangeCode=17200457,True
First Sentier Global Listed Infrastructure B Hedged Acc GBP,,https://digital.feprecisionplus.com/Pdf/chelseafinancial/en-gb/chelsea/GTGD/O/?specialunittype=CHDG&priipproductcode=17200457&RangeCode=17200457,True
MI Verbatim Portfolio 3 B Acc,,https://digital.feprecisionplus.com/Pdf/chelseafinancial/en-gb/chelsea/IBE8/O/?specialunittype=ORDN&priipproductcode=17200457&RangeCode=17200457,True
MI Verbatim Portfolio 4 B Acc,,https://digital.feprecisionplus.com/Pdf/chelseafinancial/en-gb/chelsea/IBF0/O/?specialunittype=ORDN&priipproductcode=17200457&RangeCode=17200457,True
MI Verbatim Portfolio 5 Growth B Acc,,https://digital.feprecisionplus.com/Pdf/chelseafinancial/en-gb/chelsea/IBF5/O/?specialunittype=ORDN&priipproductcode=17200457&RangeCode=17200457,True
MI Verbatim Portfolio 6 B Acc,,https://digital.feprecisionplus.com/Pdf/chelseafinancial/en-gb/chelsea/IBF7/O/?specialunittype=ORDN&priipproductcode=17200457&RangeCode=17200457,True
MI Verbatim Portfolio 7 B Acc,,https://digital.feprecisionplus.com/Pdf/chelseafinancial/en-gb/chelsea/IBF9/O/?specialunittype=ORDN&priipproductcode=17200457&RangeCode=17200457,True
Mirabaud Discovery Europe D Cap GBP,,https://digital.feprecisionplus.com/Pdf/chelseafinancial/en-gb/chelsea/E1SO/O/?specialunittype=ORDN&priipproductcode=17200457&RangeCode=17200457,True
Mirabaud Discovery Europe Ex-UK D Cap GBP,,https://digital.feprecisionplus.com/Pdf/chelseafinancial/en-gb/chelsea/E20D/O/?specialunittype=ORDN&priipproductcode=17200457&RangeCode=17200457,True
Mirabaud Discovery Europe Ex-UK DH Cap GBP,,https://digital.feprecisionplus.com/Pdf/chelseafinancial/en-gb/chelsea/E20E/O/?specialunittype=CHDG&priipproductcode=17200457&RangeCode=17200457,True
Mirabaud Equities Swiss Small and Mid D Cap GBP,,https://digital.feprecisionplus.com/Pdf/chelseafinancial/en-gb/chelsea/FO8U/DC/?specialunittype=ORDN&priipproductcode=17200457&RangeCode=17200457,True
Mirabaud Global Dividend D Cap GBP,,https://digital.feprecisionplus.com/Pdf/chelseafinancial/en-gb/chelsea/FLLL/O/?specialunittype=ORDN&priipproductcode=17200457&RangeCode=17200457,True
Mirabaud Global High Yield Bonds DH Cap GBP,,https://digital.feprecisionplus.com/Pdf/chelseafinancial/en-gb/chelsea/FGBL/O/?specialunittype=CHDG&priipproductcode=17200457&RangeCode=17200457,True
Mirabaud Global Strategic Bond DH Cap GBP,,https://digital.feprecisionplus.com/Pdf/chelseafinancial/en-gb/chelsea/FK0X/O/?specialunittype=CHDG&priipproductcode=17200457&RangeCode=17200457,True
Montanaro European Income Inc GBP,,https://digital.feprecisionplus.com/Pdf/chelseafinancial/en-gb/chelsea/10EF/O/?specialunittype=ORDN&priipproductcode=17200457&RangeCode=17200457,True
Montanaro UK Income GBP,,https://digital.feprecisionplus.com/Pdf/chelseafinancial/en-gb/chelsea/E3WV/O/?specialunittype=ORDN&priipproductcode=17200457&RangeCode=17200457,True
Montanaro UK Income Seed GBP,,https://digital.feprecisionplus.com/Pdf/chelseafinancial/en-gb/chelsea/EJA2/O/?specialunittype=ORDN&priipproductcode=17200457&RangeCode=17200457,True
Morgan Stanley US Advantage I Acc GBP,,https://digital.feprecisionplus.com/Pdf/chelseafinancial/en-gb/chelsea/NE3N/O/?specialunittype=ORDN&priipproductcode=17200457&RangeCode=17200457,True
Ninety One American Franchise I Acc GBP,,https://digital.feprecisionplus.com/Pdf/chelseafinancial/en-gb/chelsea/AEE9/O/?specialunittype=ORDN&priipproductcode=17200457&RangeCode=17200457,True
Ninety One Diversified Income I Acc GBP,,https://digital.feprecisionplus.com/Pdf/chelseafinancial/en-gb/chelsea/BOD0/O/?specialunittype=ORDN&priipproductcode=17200457&RangeCode=17200457,True
Ninety One Diversified Income I Inc-2 GBP,,https://digital.feprecisionplus.com/Pdf/chelseafinancial/en-gb/chelsea/12GK/O/?specialunittype=ORDN&priipproductcode=17200457&RangeCode=17200457,True
Ninety One Emerging Markets Blended Debt I Inc-2 GBP,,https://digital.feprecisionplus.com/Pdf/chelseafinancial/en-gb/chelsea/GRPI/O/?specialunittype=ORDN&priipproductcode=17200457&RangeCode=17200457,True
Ninety One Emerging Markets Equity I Acc,,https://digital.feprecisionplus.com/Pdf/chelseafinancial/en-gb/chelsea/GRPL/O/?specialunittype=ORDN&priipproductcode=17200457&RangeCode=17200457,True
Ninety One Emerging Markets Leaders I Acc GBP,,https://digital.feprecisionplus.com/Pdf/chelseafinancial/en-gb/chelsea/AED1/O/?specialunittype=ORDN&priipproductcode=17200457&RangeCode=17200457,True
Ninety One Global Environment I,,https://digital.feprecisionplus.com/Pdf/chelseafinancial/en-gb/chelsea/QQGL/O/?specialunittype=ORDN&priipproductcode=17200457&RangeCode=17200457,True
Ninety One Global Environment I Inc GBP,,https://digital.feprecisionplus.com/Pdf/chelseafinancial/en-gb/chelsea/LA3X/O/?specialunittype=ORDN&priipproductcode=17200457&RangeCode=17200457,True
Ninety One Global Franchise I Acc,,https://digital.feprecisionplus.com/Pdf/chelseafinancial/en-gb/chelsea/GRPO/O/?specialunittype=ORDN&priipproductcode=17200457&RangeCode=17200457,True
Ninety One Global Gold I Acc GBP,,https://digital.feprecisionplus.com/Pdf/chelseafinancial/en-gb/chelsea/AEE1/O/?specialunittype=ORDN&priipproductcode=17200457&RangeCode=17200457,True
Ninety One Global Income Opportunities I Acc GBP,,https://digital.feprecisionplus.com/Pdf/chelseafinancial/en-gb/chelsea/BMQ3/O/?specialunittype=ORDN&priipproductcode=17200457&RangeCode=17200457,True
Ninety One Global Income Opportunities I Inc GBP,,https://digital.feprecisionplus.com/Pdf/chelseafinancial/en-gb/chelsea/12GF/O/?specialunittype=ORDN&priipproductcode=17200457&RangeCode=17200457,True
Ninety One Global Macro Allocation I Acc GBP,,https://digital.feprecisionplus.com/Pdf/chelseafinancial/en-gb/chelsea/BOD1/O/?specialunittype=ORDN&priipproductcode=17200457&RangeCode=17200457,True
Ninety One Global Special Situations I Acc GBP,,https://digital.feprecisionplus.com/Pdf/chelseafinancial/en-gb/chelsea/B4D2/O/?specialunittype=ORDN&priipproductcode=17200457&RangeCode=17200457,True
Ninety One Global Special Situations I Inc GBP,,https://digital.feprecisionplus.com/Pdf/chelseafinancial/en-gb/chelsea/12GJ/O/?specialunittype=ORDN&priipproductcode=17200457&RangeCode=17200457,True
Ninety One Global Strategic Equity I Acc GBP,,https://digital.feprecisionplus.com/Pdf/chelseafinancial/en-gb/chelsea/AEE2/O/?specialunittype=ORDN&priipproductcode=17200457&RangeCode=17200457,True
Ninety One Global Sustainable Equity I Acc GBP,,https://digital.feprecisionplus.com/Pdf/chelseafinancial/en-gb/chelsea/IE54/O/?specialunittype=ORDN&priipproductcode=17200457&RangeCode=17200457,True
Ninety One UK Franchise I 2 Inc GBP,,https://digital.feprecisionplus.com/Pdf/chelseafinancial/en-gb/chelsea/KZ4V/O/?specialunittype=ORDN&priipproductcode=17200457&RangeCode=17200457,True
Ninety One UK Franchise I Acc,,https://digital.feprecisionplus.com/Pdf/chelseafinancial/en-gb/chelsea/M5DJ/O/?specialunittype=ORDN&priipproductcode=17200457&RangeCode=17200457,True
Ninety One UK Special Situations I Acc GBP,,https://digital.feprecisionplus.com/Pdf/chelseafinancial/en-gb/chelsea/AEF6/O/?specialunittype=ORDN&priipproductcode=17200457&RangeCode=17200457,True
Ninety One UK Special Situations I Inc GBP,,https://digital.feprecisionplus.com/Pdf/chelseafinancial/en-gb/chelsea/04KF/O/?specialunittype=ORDN&priipproductcode=17200457&RangeCode=17200457,True
Nomura Global Dynamic Bond I Hedged GBP,,https://digital.feprecisionplus.com/Pdf/chelseafinancial/en-gb/chelsea/M0MV/O/?specialunittype=CHDG&priipproductcode=17200457&RangeCode=17200457,True
Nomura Global Dynamic Bond ID Hedged GBP,,https://digital.feprecisionplus.com/Pdf/chelseafinancial/en-gb/chelsea/M0NK/O/?specialunittype=CHDG&priipproductcode=17200457&RangeCode=17200457,True
Nomura Japan Strategic Value I GBP,,https://digital.feprecisionplus.com/Pdf/chelseafinancial/en-gb/chelsea/KBJ5/O/?specialunittype=ORDN&priipproductcode=17200457&RangeCode=17200457,True
Nomura Japan Strategic Value ID Hedged GBP,,https://digital.feprecisionplus.com/Pdf/chelseafinancial/en-gb/chelsea/K6CJ/O/?specialunittype=CHDG&priipproductcode=17200457&RangeCode=17200457,True
Nomura US High Yield Bond I Hedged GBP,,https://digital.feprecisionplus.com/Pdf/chelseafinancial/en-gb/chelsea/I40T/O/?specialunittype=CHDG&priipproductcode=17200457&RangeCode=17200457,True
Pictet Asian Local Currency Debt I GBP,,https://digital.feprecisionplus.com/Pdf/chelseafinancial/en-gb/chelsea/IRG2/O/?specialunittype=ORDN&priipproductcode=17200457&RangeCode=17200457,True
Pictet Biotech I dy GBP,,https://digital.feprecisionplus.com/Pdf/chelseafinancial/en-gb/chelsea/GLJ4/O/?specialunittype=ORDN&priipproductcode=17200457&RangeCode=17200457,True
Pictet China Equities I GBP,,https://digital.feprecisionplus.com/Pdf/chelseafinancial/en-gb/chelsea/F4QN/O/?specialunittype=ORDN&priipproductcode=17200457&RangeCode=17200457,True
Pictet Clean Energy Transition I dy GBP,,https://digital.feprecisionplus.com/Pdf/chelseafinancial/en-gb/chelsea/GLO4/O/?specialunittype=ORDN&priipproductcode=17200457&RangeCode=17200457,True
Pictet Digital I dy GBP,,https://digital.feprecisionplus.com/Pdf/chelseafinancial/en-gb/chelsea/GLJ5/O/?specialunittype=ORDN&priipproductcode=17200457&RangeCode=17200457,True
Pictet Emerging Local Currency Debt Idy dy GBP,,https://digital.feprecisionplus.com/Pdf/chelseafinancial/en-gb/chelsea/HSK7/O/?specialunittype=ORDN&priipproductcode=17200457&RangeCode=17200457,True
Pictet Family I GBP,,https://digital.feprecisionplus.com/Pdf/chelseafinancial/en-gb/chelsea/FEKD/O/?specialunittype=ORDN&priipproductcode=17200457&RangeCode=17200457,True
Pictet Global Environmental Opportunities I dy dy GBP,,https://digital.feprecisionplus.com/Pdf/chelseafinancial/en-gb/chelsea/04E4/O/?specialunittype=ORDN&priipproductcode=17200457&RangeCode=17200457,True
Pictet Global Megatrend Selection I dy GBP,,https://digital.feprecisionplus.com/Pdf/chelseafinancial/en-gb/chelsea/GLO7/O/?specialunittype=ORDN&priipproductcode=17200457&RangeCode=17200457,True
Pictet Japanese Equity Opportunities HI GBP,,https://digital.feprecisionplus.com/Pdf/chelseafinancial/en-gb/chelsea/F1TO/O/?specialunittype=CHDG&priipproductcode=17200457&RangeCode=17200457,True
Pictet Japanese Equity Opportunities I GBP,,https://digital.feprecisionplus.com/Pdf/chelseafinancial/en-gb/chelsea/0NDC/O/?specialunittype=ORDN&priipproductcode=17200457&RangeCode=17200457,True
Pictet Japanese Equity Selection I GBP,,https://digital.feprecisionplus.com/Pdf/chelseafinancial/en-gb/chelsea/FPMH/O/?specialunittype=ORDN&priipproductcode=17200457&RangeCode=17200457,True
Pictet Longevity I dy GBP,,https://digital.feprecisionplus.com/Pdf/chelseafinancial/en-gb/chelsea/GLO2/O/?specialunittype=ORDN&priipproductcode=17200457&RangeCode=17200457,True
Pictet Nutrition I dy GBP,,https://digital.feprecisionplus.com/Pdf/chelseafinancial/en-gb/chelsea/GLO6/O/?specialunittype=ORDN&priipproductcode=17200457&RangeCode=17200457,True
Pictet Premium Brands I dy GBP,,https://digital.feprecisionplus.com/Pdf/chelseafinancial/en-gb/chelsea/GLO0/O/?specialunittype=ORDN&priipproductcode=17200457&RangeCode=17200457,True
Pictet Robotics I GBP,,https://digital.feprecisionplus.com/Pdf/chelseafinancial/en-gb/chelsea/E1PY/O/?specialunittype=ORDN&priipproductcode=17200457&RangeCode=17200457,True
Pictet Security I dy GBP,,https://digital.feprecisionplus.com/Pdf/chelseafinancial/en-gb/chelsea/GLO3/O/?specialunittype=ORDN&priipproductcode=17200457&RangeCode=17200457,True
Pictet SmartCity ID dy GBP,,https://digital.feprecisionplus.com/Pdf/chelseafinancial/en-gb/chelsea/IZS4/O/?specialunittype=ORDN&priipproductcode=17200457&RangeCode=17200457,True
Pictet Timber I dy GBP,,https://digital.feprecisionplus.com/Pdf/chelseafinancial/en-gb/chelsea/GLO5/O/?specialunittype=ORDN&priipproductcode=17200457&RangeCode=17200457,True
Pictet Water I dy GBP,,https://digital.feprecisionplus.com/Pdf/chelseafinancial/en-gb/chelsea/GLO1/O/?specialunittype=ORDN&priipproductcode=17200457&RangeCode=17200457,True
Pinnacle Life Cycle Global Equity Select - UCITS C Acc GBP,,https://digital.feprecisionplus.com/Pdf/chelseafinancial/en-gb/chelsea/BSJ8K/O/?specialunittype=ORDN&priipproductcode=17200457&RangeCode=17200457,True
Polar Capital Biotechnology I GBP,,https://digital.feprecisionplus.com/Pdf/chelseafinancial/en-gb/chelsea/JTYF/O/?specialunittype=ORDN&priipproductcode=17200457&RangeCode=17200457,True
Polar Capital European (EX UK) Income I Acc GBP,,https://digital.feprecisionplus.com/Pdf/chelseafinancial/en-gb/chelsea/METG/O/?specialunittype=ORDN&priipproductcode=17200457&RangeCode=17200457,True
Polar Capital European (EX UK) Income I Dis GBP,,https://digital.feprecisionplus.com/Pdf/chelseafinancial/en-gb/chelsea/METH/O/?specialunittype=ORDN&priipproductcode=17200457&RangeCode=17200457,True
Polar Capital European (EX UK) Income I Hedged Acc GBP,,https://digital.feprecisionplus.com/Pdf/chelseafinancial/en-gb/chelsea/METK/O/?specialunittype=CHDG&priipproductcode=17200457&RangeCode=17200457,True
Polar Capital European (EX UK) Income I Hedged Dis GBP,,https://digital.feprecisionplus.com/Pdf/chelseafinancial/en-gb/chelsea/METL/O/?specialunittype=ORDN&priipproductcode=17200457&RangeCode=17200457,True
Polar Capital Financial Credit I Acc GBP,,https://digital.feprecisionplus.com/Pdf/chelseafinancial/en-gb/chelsea/GUZ5/DC/?specialunittype=ORDN&priipproductcode=17200457&RangeCode=17200457,True
Polar Capital Financial Credit I Inc GBP,,https://digital.feprecisionplus.com/Pdf/chelseafinancial/en-gb/chelsea/GUZ4/DC/?specialunittype=ORDN&priipproductcode=17200457&RangeCode=17200457,True
Polar Capital Global Healthcare Select I Acc GBP,,https://digital.feprecisionplus.com/Pdf/chelseafinancial/en-gb/chelsea/KQIE/O/?specialunittype=ORDN&priipproductcode=17200457&RangeCode=17200457,True
Polar Capital Global Healthcare Select I Inc GBP,,https://digital.feprecisionplus.com/Pdf/chelseafinancial/en-gb/chelsea/KQIF/O/?specialunittype=ORDN&priipproductcode=17200457&RangeCode=17200457,True
Polar Capital Global Insurance I Acc GBP,,https://digital.feprecisionplus.com/Pdf/chelseafinancial/en-gb/chelsea/NAU4/O/?specialunittype=ORDN&priipproductcode=17200457&RangeCode=17200457,True
Polar Capital Global Insurance I Inc GBP,,https://digital.feprecisionplus.com/Pdf/chelseafinancial/en-gb/chelsea/NAU3/O/?specialunittype=ORDN&priipproductcode=17200457&RangeCode=17200457,True
Polar Capital Global Technology I GBP,,https://digital.feprecisionplus.com/Pdf/chelseafinancial/en-gb/chelsea/G5V6/O/?specialunittype=ORDN&priipproductcode=17200457&RangeCode=17200457,True
Polar Capital Healthcare Opportunities I GBP,,https://digital.feprecisionplus.com/Pdf/chelseafinancial/en-gb/chelsea/GLG6/O/?specialunittype=ORDN&priipproductcode=17200457&RangeCode=17200457,True
Polar Capital Japan Value S Hedged Inc GBP,,https://digital.feprecisionplus.com/Pdf/chelseafinancial/en-gb/chelsea/GVHO/O/?specialunittype=CHDG&priipproductcode=17200457&RangeCode=17200457,True
Polar Capital Japan Value S Inc GBP,,https://digital.feprecisionplus.com/Pdf/chelseafinancial/en-gb/chelsea/GVHH/O/?specialunittype=ORDN&priipproductcode=17200457&RangeCode=17200457,True
Polar Capital North American I GBP,,https://digital.feprecisionplus.com/Pdf/chelseafinancial/en-gb/chelsea/0GSX/O/?specialunittype=ORDN&priipproductcode=17200457&RangeCode=17200457,True
Polar Capital North American I Hedged GBP,,https://digital.feprecisionplus.com/Pdf/chelseafinancial/en-gb/chelsea/0GT0/O/?specialunittype=CHDG&priipproductcode=17200457&RangeCode=17200457,True
Polar Capital UK Value Opportunities I Acc GBP,,https://digital.feprecisionplus.com/Pdf/chelseafinancial/en-gb/chelsea/NL4Y/O/?specialunittype=ORDN&priipproductcode=17200457&RangeCode=17200457,True
Polar Capital UK Value Opportunities I Inc GBP,,https://digital.feprecisionplus.com/Pdf/chelseafinancial/en-gb/chelsea/NL4Z/O/?specialunittype=ORDN&priipproductcode=17200457&RangeCode=17200457,True
Premier Miton Alternative Investments C Acc GBP,,https://digital.feprecisionplus.com/Pdf/chelseafinancial/en-gb/chelsea/M25H/O/?specialunittype=ORDN&priipproductcode=17200457&RangeCode=17200457,True
Premier Miton Alternative Investments C Inc GBP,,https://digital.feprecisionplus.com/Pdf/chelseafinancial/en-gb/chelsea/GH6C/O/?specialunittype=ORDN&priipproductcode=17200457&RangeCode=17200457,True
Premier Miton Cautious Monthly Income B Acc GBP,,https://digital.feprecisionplus.com/Pdf/chelseafinancial/en-gb/chelsea/GOZQ/O/?specialunittype=ORDN&priipproductcode=17200457&RangeCode=17200457,True
Premier Miton Cautious Monthly Income B Inc GBP,,https://digital.feprecisionplus.com/Pdf/chelseafinancial/en-gb/chelsea/GOZP/O/?specialunittype=ORDN&priipproductcode=17200457&RangeCode=17200457,True
Premier Miton Cautious Multi Asset B Acc GBP,,https://digital.feprecisionplus.com/Pdf/chelseafinancial/en-gb/chelsea/QH74/O/?specialunittype=ORDN&priipproductcode=17200457&RangeCode=17200457,True
Premier Miton Corporate Bond Monthly Income C Inc GBP,,https://digital.feprecisionplus.com/Pdf/chelseafinancial/en-gb/chelsea/BY52/O/?specialunittype=ORDN&priipproductcode=17200457&RangeCode=17200457,True
Premier Miton Defensive Multi Asset B Acc GBP,,https://digital.feprecisionplus.com/Pdf/chelseafinancial/en-gb/chelsea/QM83/O/?specialunittype=ORDN&priipproductcode=17200457&RangeCode=17200457,True
Premier Miton Diversified Growth D Inc GBP,,https://digital.feprecisionplus.com/Pdf/chelseafinancial/en-gb/chelsea/GH6F/O/?specialunittype=ORDN&priipproductcode=17200457&RangeCode=17200457,True
Premier Miton Diversified Income D Inc GBP,,https://digital.feprecisionplus.com/Pdf/chelseafinancial/en-gb/chelsea/NWBC/O/?specialunittype=ORDN&priipproductcode=17200457&RangeCode=17200457,True
Premier Miton European Opportunities B Acc GBP,,https://digital.feprecisionplus.com/Pdf/chelseafinancial/en-gb/chelsea/MSED/O/?specialunittype=ORDN&priipproductcode=17200457&RangeCode=17200457,True
Premier Miton European Opportunities B Inc GBP,,https://digital.feprecisionplus.com/Pdf/chelseafinancial/en-gb/chelsea/R67T/O/?specialunittype=ORDN&priipproductcode=17200457&RangeCode=17200457,True
Premier Miton European Opportunities F Acc GBP,,https://digital.feprecisionplus.com/Pdf/chelseafinancial/en-gb/chelsea/MT7V/O/?specialunittype=ORDN&priipproductcode=17200457&RangeCode=17200457,True
Premier Miton Global Sustainable Growth C Acc GBP,,https://digital.feprecisionplus.com/Pdf/chelseafinancial/en-gb/chelsea/MUH0/O/?specialunittype=ORDN&priipproductcode=17200457&RangeCode=17200457,True
Premier Miton Global Sustainable Growth C Inc GBP,,https://digital.feprecisionplus.com/Pdf/chelseafinancial/en-gb/chelsea/MUG9/O/?specialunittype=ORDN&priipproductcode=17200457&RangeCode=17200457,True
Premier Miton Liberation IV C Acc GBP,,https://digital.feprecisionplus.com/Pdf/chelseafinancial/en-gb/chelsea/LWE5/O/?specialunittype=ORDN&priipproductcode=17200457&RangeCode=17200457,True
Premier Miton Liberation IV C Inc GBP,,https://digital.feprecisionplus.com/Pdf/chelseafinancial/en-gb/chelsea/LWE4/O/?specialunittype=ORDN&priipproductcode=17200457&RangeCode=17200457,True
Premier Miton Liberation V C Acc GBP,,https://digital.feprecisionplus.com/Pdf/chelseafinancial/en-gb/chelsea/LWE7/O/?specialunittype=ORDN&priipproductcode=17200457&RangeCode=17200457,True
Premier Miton Liberation V C Inc GBP,,https://digital.feprecisionplus.com/Pdf/chelseafinancial/en-gb/chelsea/LWE6/O/?specialunittype=ORDN&priipproductcode=17200457&RangeCode=17200457,True
